Pfad,Titel,OriginalKategorie,KategorieAI4,Language
"create_video_presentation_plan.md","Create Video Presentation Plan","Content Creation","AI 4 Content","en"
"monthly_recurring_revenue_marketing.md","Monthly Recurring Revenue Marketing","Content Creation","AI 4 Content","en"
"restaurant_search_app_plan.md","Restaurant Search App Plan","Entrepreneurs","AI 4 Entrepreneurship","en"
"resale_store_launch_plan.md","Resale Store Launch Plan","Entrepreneurs","AI 4 Entrepreneurship","en"
"InstagramAIReelsStrategy.md","Instagramaireelsstrategy","Entrepreneurs","AI 4 Entrepreneurship","en"
"digital_marketing_strategy_with_ai.md","Digital Marketing Strategy With Ai","Content Creation","AI 4 Content","en"
"digital_product_ideas_for_real_estate_agents.md","Digital Product Ideas For Real Estate Agents","Product Managers","AI 4 Produkt","en"
"nih_grant_writing_guide.md","Nih Grant Writing Guide","Content Creation","AI 4 Content","en"
"dropshipping_guide.md","Dropshipping Guide","","AI 4 UNK","en"
"create_venn_diagram.md","Create Venn Diagram","Visualizations","AI 4 Visuals","en"
"write_essay.md","IDENTITY and PURPOSE","Content Creation","AI 4 Content","en"
"docent_training_guide.md","Docent Training Guide","","AI 4 UNK","en"
"ai_solutions_for_executive_assistants.md","Ai Solutions For Executive Assistants","","AI 4 UNK","en"
"fantasy_football_strategy.md","Fantasy Football Strategy","Entrepreneurs","AI 4 Entrepreneurship","en"
"faceless_tiktok_guidance.md","Faceless Tiktok Guidance","","AI 4 UNK","en"
"credit_card_management_guide.md","Credit Card Management Guide","","AI 4 UNK","en"
"create_pricing_strategy.md","Create Pricing Strategy","Entrepreneurs","AI 4 Entrepreneurship","en"
"CanvaIntegration.md","Canvaintegration","","AI 4 UNK","en"
"build_saas_product_guide.md","Build Saas Product Guide","Product Managers","AI 4 Produkt","en"
"faceless_tiktok_guide.md","Faceless Tiktok Guide","","AI 4 UNK","en"
"study_plan_creation.md","Study Plan Creation","Entrepreneurs","AI 4 Entrepreneurship","en"
"attraction_marketing_guide.md","Attraction Marketing Guide","Content Creation","AI 4 Content","en"
"gather_freelance_contacts.md","Gather Freelance Contacts","","AI 4 UNK","en"
"faceless_tiktok_channel_plan.md","Faceless Tiktok Channel Plan","Entrepreneurs","AI 4 Entrepreneurship","en"
"analyze_youtube_competitors.md","Analyze Youtube Competitors","Analyze Text","AI 4 Textanalyse","en"
"build_social_media_following_guide.md","Build Social Media Following Guide","Content Creation","AI 4 Content","en"
"utilitarianism_analysis.md","Utilitarianism Analysis","Analyze Text","AI 4 Textanalyse","en"
"quick_bible_facts.md","Quick Bible Facts","","AI 4 UNK","en"
"create_flyer_for_prayer_meeting.md","Create Flyer For Prayer Meeting","Meetings","AI 4 Meetings","en"
"create_buyer_persona.md","Create Buyer Persona","","AI 4 UNK","en"
"job_application_assistance.md","Job Application Assistance","Job Search","AI 4 Karriere","en"
"create_research_paper_topic.md","Create Research Paper Topic","","AI 4 UNK","en"
"start_company_guide.md","Start Company Guide","Creative Arts","AI 4 Kreativität","en"
"faceless_video_generator.md","Faceless Video Generator","Content Creation","AI 4 Content","en"
"extract_song_meaning.md","IDENTITY","Analyze Text","AI 4 Textanalyse","en"
"create_social_media_posts_for_senior_care.md","Create Social Media Posts For Senior Care","Content Creation","AI 4 Content","en"
"create_digital_product_templates.md","Create Digital Product Templates","Product Managers","AI 4 Produkt","en"
"create_art_prompt.md","Create Art Prompt","Creative Arts","AI 4 Kreativität","en"
"year_end_self_review.md","Year End Self Review","","AI 4 UNK","en"
"medical_record_translation.md","Medical Record Translation","","AI 4 UNK","en"
"Create Book Idea.md","Create Book Idea","","AI 4 UNK","en"
"Comic Book Writing Guide.md","Comic Book Writing Guide","Content Creation","AI 4 Content","en"
"create_markmap_visualization.md","IDENTITY and PURPOSE","Visualizations","AI 4 Visuals","en"
"Connect Chapters Cohesively.md","Connect Chapters Cohesively","","AI 4 UNK","en"
"dog_butts_coloring_book.md","Dog Butts Coloring Book","Creative Arts","AI 4 Kreativität","en"
"create_kids_program_budget.md","Create Kids Program Budget","","AI 4 UNK","en"
"brainstorm_business_ideas.md","Brainstorm Business Ideas","Entrepreneurs","AI 4 Entrepreneurship","en"
"transcribing_tiktok_videos.md","Transcribing Tiktok Videos","Content Creation","AI 4 Content","en"
"Create Facebook Post.md","Create Facebook Post","Content Creation","AI 4 Content","en"
"pain_points_of_solopreneurs.md","Pain Points Of Solopreneurs","","AI 4 UNK","en"
"storytelling_course.md","Storytelling Course","Creative Arts","AI 4 Kreativität","en"
"marcus_garvey_overview.md","Marcus Garvey Overview","","AI 4 UNK","en"
"write_post_PAS_framework.md","Write Post Pas Framework","Content Creation","AI 4 Content","en"
"business_strategy_development.md","Business Strategy Development","Entrepreneurs","AI 4 Entrepreneurship","en"
"songwriting_success_guide.md","Songwriting Success Guide","Content Creation","AI 4 Content","en"
"assessing_ai_integration_agenda.md","Assessing Ai Integration Agenda","Meetings","AI 4 Meetings","en"
"find_entrepreneurs_strategy.md","Find Entrepreneurs Strategy","Entrepreneurs","AI 4 Entrepreneurship","en"
"covered_call_strategies.md","Covered Call Strategies","","AI 4 UNK","en"
"analyze_tiktok_media_stage.md","Analyze Tiktok Media Stage","Analyze Text","AI 4 Textanalyse","en"
"create_standout_cv.md","Create Standout Cv","Job Search","AI 4 Karriere","en"
"effective_motivation_strategies.md","Effective Motivation Strategies","","AI 4 UNK","en"
"real_estate_app_plan.md","Real Estate App Plan","Entrepreneurs","AI 4 Entrepreneurship","en"
"book_summary_creator.md","Book Summary Creator","Analyze Text","AI 4 Textanalyse","en"
"real_estate_proforma_analysis.md","Real Estate Proforma Analysis","Analyze Text","AI 4 Textanalyse","en"
"automated_trading_bot_guide.md","Automated Trading Bot Guide","","AI 4 UNK","en"
"restaurante_garden_business_plan.md","Restaurante Garden Business Plan","Entrepreneurs","AI 4 Entrepreneurship","en"
"Early Childhood Curriculum.md","Early Childhood Curriculum","Students & School","AI 4 Schule","en"
"label_and_rate.md","Label And Rate","","AI 4 UNK","en"
"find_logical_fallacies.md","IDENTITY and PURPOSE","","AI 4 UNK","en"
"analyze_data_breaches.md","Analyze Data Breaches","Analyze Text","AI 4 Textanalyse","en"
"create_api_specification.md","Create Api Specification","Software Engineers","AI 4 Engineering","en"
"analyze_investment_opportunities.md","Analyze Investment Opportunities","Analyze Text","AI 4 Textanalyse","en"
"identify_target_market_strategies.md","Identify Target Market Strategies","","AI 4 UNK","en"
"write_video_script.md","Write Video Script","Content Creation","AI 4 Content","en"
"create_comprehensive_prompt.md","Create Comprehensive Prompt","Prompt Management","AI 4 PromptOps","en"
"explain_medical_test_results.md","Explain Medical Test Results","","AI 4 UNK","en"
"summarize_and_extract_action_items.md","Summarize And Extract Action Items","Analyze Text","AI 4 Textanalyse","en"
"review_airbnb_stay.md","Review Airbnb Stay","","AI 4 UNK","en"
"creating_a_professional_resume.md","Creating A Professional Resume","Job Search","AI 4 Karriere","en"
"Government Contract Opportunities.md","Government Contract Opportunities","Lawyers","AI 4 Legal","en"
"Rise With SAP Overview.md","Rise With Sap Overview","","AI 4 UNK","en"
"write_3_tips_post.md","Write 3 Tips Post","Content Creation","AI 4 Content","en"
"extract_references.md","IDENTITY and PURPOSE","Analyze Text","AI 4 Textanalyse","en"
"create_vision_and_goals.md","Create Vision And Goals","","AI 4 UNK","en"
"email_templates_for_job_search.md","Email Templates For Job Search","Content Creation","AI 4 Content","en"
"create_competence_cloud.md","Create Competence Cloud","","AI 4 UNK","en"
"analyze_funding_solicitation.md","Analyze Funding Solicitation","Analyze Text","AI 4 Textanalyse","en"
"research_proposal_assistance.md","Research Proposal Assistance","","AI 4 UNK","en"
"self_improvement_techniques.md","Self Improvement Techniques","","AI 4 UNK","en"
"modify_ai_content_strategies.md","Modify Ai Content Strategies","Content Creation","AI 4 Content","en"
"create_pattern.md","IDENTITY and PURPOSE","","AI 4 UNK","en"
"create_aphorisms.md","IDENTITY and PURPOSE","","AI 4 UNK","en"
"create_marketing_strategy.md","Create Marketing Strategy","Content Creation","AI 4 Content","en"
"explore_mandalas_and_sacred_forms.md","Explore Mandalas And Sacred Forms","","AI 4 UNK","en"
"create_facebook_ad_creative.md","Create Facebook Ad Creative","Creative Arts","AI 4 Kreativität","en"
"self_help_journey_guide.md","Self Help Journey Guide","","AI 4 UNK","en"
"coloring_book_business_ideas.md","Coloring Book Business Ideas","Creative Arts","AI 4 Kreativität","en"
"analyze_legal_personality_disregard.md","Analyze Legal Personality Disregard","Analyze Text","AI 4 Textanalyse","en"
"service_desk_development_plan.md","Service Desk Development Plan","Entrepreneurs","AI 4 Entrepreneurship","en"
"adhd_characters_dialogue.md","Adhd Characters Dialogue","","AI 4 UNK","en"
"summarize_pull-requests.md","IDENTITY and PURPOSE","Analyze Text","AI 4 Textanalyse","en"
"ai_business_enhancement_guide.md","Ai Business Enhancement Guide","Entrepreneurs","AI 4 Entrepreneurship","en"
"create_tiktok_video_automation.md","Create Tiktok Video Automation","Content Creation","AI 4 Content","en"
"create_business_incubation_system_guide.md","Create Business Incubation System Guide","Entrepreneurs","AI 4 Entrepreneurship","en"
"digital_marketing_course_outline.md","Digital Marketing Course Outline","Content Creation","AI 4 Content","en"
"contracts_plain_language_review.md","Contracts Plain Language Review","Lawyers","AI 4 Legal","en"
"audience_analysis_strategies.md","Audience Analysis Strategies","Analyze Text","AI 4 Textanalyse","en"
"envision_your_dream_life.md","Envision Your Dream Life","","AI 4 UNK","en"
"create_time_management_course.md","Create Time Management Course","","AI 4 UNK","en"
"research_and_validate_business_idea.md","Research And Validate Business Idea","Entrepreneurs","AI 4 Entrepreneurship","en"
"create_coloring_book_page.md","Create Coloring Book Page","Creative Arts","AI 4 Kreativität","en"
"create_real_estate_listing.md","IDENTITY and PURPOSE","Real Estate","AI 4 Real Estate","en"
"AI Automation Guide.md","Ai Automation Guide","","AI 4 UNK","en"
"chart_generator_appointment_scheduler.md","Chart Generator Appointment Scheduler","Creative Arts","AI 4 Kreativität","en"
"edit_comic_effectively.md","Edit Comic Effectively","Creative Arts","AI 4 Kreativität","en"
"create_security_update.md","IDENTITY and PURPOSE","Cybersecurity","AI 4 Security","en"
"career_reintegration_guide.md","Career Reintegration Guide","Job Search","AI 4 Karriere","en"
"succession_planning_for_schools.md","Succession Planning For Schools","Entrepreneurs","AI 4 Entrepreneurship","en"
"transform_video_transcript.md","Transform Video Transcript","Content Creation","AI 4 Content","en"
"leverage_ai_for_bid_responses.md","Leverage Ai For Bid Responses","","AI 4 UNK","en"
"analyze_data_insights.md","Analyze Data Insights","Analyze Text","AI 4 Textanalyse","en"
"veterinary_franchise_guide.md","Veterinary Franchise Guide","","AI 4 UNK","en"
"summarize_prompt.md","Summarize Prompt","Analyze Text","AI 4 Textanalyse","en"
"get_wow_per_minute.md","IDENTITY","","AI 4 UNK","en"
"Career Transition Guide.md","Career Transition Guide","Job Search","AI 4 Karriere","en"
"comprehensive_guide_on_prompt_engineering.md","Comprehensive Guide On Prompt Engineering","Prompt Management","AI 4 PromptOps","en"
"poker_guide.md","Poker Guide","","AI 4 UNK","en"
"find_experts_for_redcap_aws_integration.md","Find Experts For Redcap Aws Integration","","AI 4 UNK","en"
"create_presentation_outline.md","Create Presentation Outline","","AI 4 UNK","en"
"summarize_newsletter.md","Summarize Newsletter","Analyze Text","AI 4 Textanalyse","en"
"analyze_tech_impact.md","Analyze Tech Impact","Analyze Text","AI 4 Textanalyse","en"
"create_technology_course_outline.md","Create Technology Course Outline","","AI 4 UNK","en"
"economic_impact_unsafe_construction.md","Economic Impact Unsafe Construction","","AI 4 UNK","en"
"motivation_for_cybersecurity_job_seekers.md","Motivation For Cybersecurity Job Seekers","Cybersecurity","AI 4 Security","en"
"faceless_video_app.md","Faceless Video App","Content Creation","AI 4 Content","en"
"show_fabric_options_markmap.md","IDENTITY AND GOALS","","AI 4 UNK","en"
"analyze_trading_card_sales.md","Analyze Trading Card Sales","Analyze Text","AI 4 Textanalyse","en"
"managing_adhd_daily_tasks.md","Managing Adhd Daily Tasks","","AI 4 UNK","en"
"analyze_cryptocurrency_project.md","Analyze Cryptocurrency Project","Analyze Text","AI 4 Textanalyse","en"
"analyze_debate.md","IDENTITY and PURPOSE","Analyze Text","AI 4 Textanalyse","en"
"extract_wisdom.md","Extract Wisdom","Analyze Text","AI 4 Textanalyse","en"
"create_content_outline.md","Create Content Outline","Content Creation","AI 4 Content","en"
"analyze_presentation_structure.md","Analyze Presentation Structure","Analyze Text","AI 4 Textanalyse","en"
"music_composition_guide.md","Music Composition Guide","Creative Arts","AI 4 Kreativität","en"
"rate_ai_response.md","IDENTITY","","AI 4 UNK","en"
"bodybuilding_program_guide.md","Bodybuilding Program Guide","","AI 4 UNK","en"
"improve_fable_structure.md","Improve Fable Structure","","AI 4 UNK","en"
"create_cyber_summary.md","Create Cyber Summary","Analyze Text","AI 4 Textanalyse","en"
"faceless_ai_overview.md","Faceless Ai Overview","","AI 4 UNK","en"
"create_academic_paper.md","Create Academic Paper","","AI 4 UNK","en"
"analyze_answers.md","IDENTITY and PURPOSE","Analyze Text","AI 4 Textanalyse","en"
"extract_questions.md","IDENTITY","Analyze Text","AI 4 Textanalyse","en"
"optimize_website_seo_and_ux.md","Optimize Website Seo And Ux","","AI 4 UNK","en"
"residency_permit_app.md","Residency Permit App","","AI 4 UNK","en"
"newsletter_development_plan.md","Newsletter Development Plan","Content Creation","AI 4 Content","en"
"create_coding_project.md","IDENTITY and PURPOSE","","AI 4 UNK","en"
"create_children's_storybook_concept.md","Create Children's Storybook Concept","Creative Arts","AI 4 Kreativität","en"
"create_investment_strategy.md","Create Investment Strategy","Entrepreneurs","AI 4 Entrepreneurship","en"
"create_pride_themed_coloring_book.md","Create Pride Themed Coloring Book","Creative Arts","AI 4 Kreativität","en"
"explain_project.md","IDENTITY and PURPOSE","","AI 4 UNK","en"
"sales_funnel_design_guide.md","Sales Funnel Design Guide","Creative Arts","AI 4 Kreativität","en"
"create_nclex_study_guide.md","Create Nclex Study Guide","Students & School","AI 4 Schule","en"
"career_exploration_prompt.md","Career Exploration Prompt","Job Search","AI 4 Karriere","en"
"social_media_engagement_strategies.md","Social Media Engagement Strategies","Content Creation","AI 4 Content","en"
"enhancing_self_esteem_guide.md","Enhancing Self Esteem Guide","","AI 4 UNK","en"
"write_linkedin_message.md","Write Linkedin Message","Content Creation","AI 4 Content","en"
"african_folk_tale_creation.md","African Folk Tale Creation","","AI 4 UNK","en"
"create_threat_scenarios.md","IDENTITY and PURPOSE","Cybersecurity","AI 4 Security","en"
"create_network_threat_landscape.md","IDENTITY and PURPOSE","Cybersecurity","AI 4 Security","en"
"automated_trading_bots_and_women_in_management.md","Automated Trading Bots And Women In Management","","AI 4 UNK","en"
"aligning_learning_outcomes_process.md","Aligning Learning Outcomes Process","","AI 4 UNK","en"
"Instagram Growth Strategy.md","Instagram Growth Strategy","Entrepreneurs","AI 4 Entrepreneurship","en"
"career_plan_for_engineers.md","Career Plan For Engineers","Entrepreneurs","AI 4 Entrepreneurship","en"
"social_media_strategy_for_law_firms.md","Social Media Strategy For Law Firms","Content Creation","AI 4 Content","en"
"peterbilt_truck_parts_course_outline.md","Peterbilt Truck Parts Course Outline","Creative Arts","AI 4 Kreativität","en"
"marketing_insights_ebook_outline.md","Marketing Insights Ebook Outline","Content Creation","AI 4 Content","en"
"uk_tax_consultancy_guide.md","Uk Tax Consultancy Guide","","AI 4 UNK","en"
"extract_book_ideas.md","IDENTITY and PURPOSE","Analyze Text","AI 4 Textanalyse","en"
"Create Financial Literacy Course.md","Create Financial Literacy Course","","AI 4 UNK","en"
"create_product_description.md","Create Product Description","Content Creation","AI 4 Content","en"
"survey_design_framework.md","Survey Design Framework","Creative Arts","AI 4 Kreativität","en"
"ai_automation_for_businesses.md","Ai Automation For Businesses","Entrepreneurs","AI 4 Entrepreneurship","en"
"create_faceless_video_content.md","Create Faceless Video Content","Content Creation","AI 4 Content","en"
"crafting_your_dating_story.md","Crafting Your Dating Story","Creative Arts","AI 4 Kreativität","en"
"create_business_plan.md","Create Business Plan","Entrepreneurs","AI 4 Entrepreneurship","en"
"create_twitter_thread.md","Create Twitter Thread","","AI 4 UNK","en"
"homocysteine_measurement_organizations.md","Homocysteine Measurement Organizations","","AI 4 UNK","en"
"career_exploration_program.md","Career Exploration Program","Job Search","AI 4 Karriere","en"
"create_comprehensive_unit_plan.md","Create Comprehensive Unit Plan","Entrepreneurs","AI 4 Entrepreneurship","en"
"data_governance_frameworks.md","Data Governance Frameworks","","AI 4 UNK","en"
"organizational_review_strategy.md","Organizational Review Strategy","Entrepreneurs","AI 4 Entrepreneurship","en"
"create_compelling_website_copy.md","Create Compelling Website Copy","Content Creation","AI 4 Content","en"
"craft_effective_midjourney_prompts.md","Craft Effective Midjourney Prompts","Prompt Management","AI 4 PromptOps","en"
"corporate_structure_guide.md","Corporate Structure Guide","","AI 4 UNK","en"
"extract_recommendations.md","IDENTITY and PURPOSE","Analyze Text","AI 4 Textanalyse","en"
"careers_presentation_overview.md","Careers Presentation Overview","Job Search","AI 4 Karriere","en"
"extract_patterns.md","IDENTITY and PURPOSE","Analyze Text","AI 4 Textanalyse","en"
"tweet.md","Tweet","","AI 4 UNK","en"
"chihuahua_grumpiness_outline.md","Chihuahua Grumpiness Outline","","AI 4 UNK","en"
"social_media_campaign_guide.md","Social Media Campaign Guide","Content Creation","AI 4 Content","en"
"create_client_acquisition_strategy.md","Create Client Acquisition Strategy","Entrepreneurs","AI 4 Entrepreneurship","en"
"dietary_supplements_regulation_overview.md","Dietary Supplements Regulation Overview","","AI 4 UNK","en"
"repurposing_content_plan.md","Repurposing Content Plan","Content Creation","AI 4 Content","en"
"create_video_sales_letter_script.md","Create Video Sales Letter Script","Content Creation","AI 4 Content","en"
"find_ai_tools_for_data_analysis.md","Find Ai Tools For Data Analysis","Analyze Text","AI 4 Textanalyse","en"
"organize_chatgpt_conversations.md","Organize Chatgpt Conversations","","AI 4 UNK","en"
"rate_ai_result.md","IDENTITY AND GOALS","","AI 4 UNK","en"
"write_linkedin_structured_bullets_post.md","IDENTITY and PURPOSE","Content Creation","AI 4 Content","en"
"create_5_sentence_summary.md","IDENTITY","Analyze Text","AI 4 Textanalyse","en"
"evaluate_notion_templates.md","Evaluate Notion Templates","","AI 4 UNK","en"
"find_clients_for_business_coaching.md","Find Clients For Business Coaching","Coaching","AI 4 Coaching","en"
"options_contracts_overview.md","Options Contracts Overview","Lawyers","AI 4 Legal","en"
"maximize_potential_and_confidence_advice.md","Maximize Potential And Confidence Advice","","AI 4 UNK","en"
"franchise_expansion_plan.md","Franchise Expansion Plan","Entrepreneurs","AI 4 Entrepreneurship","en"
"create_ai_business_guide.md","Create Ai Business Guide","Entrepreneurs","AI 4 Entrepreneurship","en"
"hackathon_ai_workshop_outline.md","Hackathon Ai Workshop Outline","","AI 4 UNK","en"
"designing_corporate_structures.md","Designing Corporate Structures","Creative Arts","AI 4 Kreativität","en"
"write_nuclei_template_rule.md","IDENTITY and PURPOSE","Content Creation","AI 4 Content","en"
"forex_course_outline.md","Forex Course Outline","","AI 4 UNK","en"
"create_excel_ticket_sales_form.md","Create Excel Ticket Sales Form","Entrepreneurs","AI 4 Entrepreneurship","en"
"coaching_business_setup_guide.md","Coaching Business Setup Guide","Coaching","AI 4 Coaching","en"
"Marcus Garvey Influence on Reggae.md","Marcus Garvey Influence On Reggae","","AI 4 UNK","en"
"automation_overview.md","Automation Overview","","AI 4 UNK","en"
"brainstorm_podcast_ideas.md","Brainstorm Podcast Ideas","","AI 4 UNK","en"
"linkedin_profile_summary.md","Linkedin Profile Summary","Analyze Text","AI 4 Textanalyse","en"
"Marketing Content Strategies.md","Marketing Content Strategies","Content Creation","AI 4 Content","en"
"mathematics_lesson_plan.md","Mathematics Lesson Plan","Entrepreneurs","AI 4 Entrepreneurship","en"
"ask_secure_by_design_questions.md","IDENTITY","Creative Arts","AI 4 Kreativität","en"
"massage_therapist_curriculum_design.md","Massage Therapist Curriculum Design","Creative Arts","AI 4 Kreativität","en"
"proofread_document.md","Proofread Document","","AI 4 UNK","en"
"create_upgrade_pack.md","IDENTITY and PURPOSE","","AI 4 UNK","en"
"create_5_engaging_questions.md","Create 5 Engaging Questions","","AI 4 UNK","en"
"digital_wallet_for_african_fintechs.md","Digital Wallet For African Fintechs","Software Engineers","AI 4 Engineering","en"
"survey_analysis_report.md","Survey Analysis Report","Analyze Text","AI 4 Textanalyse","en"
"home_daycare_lesson_plan.md","Home Daycare Lesson Plan","Entrepreneurs","AI 4 Entrepreneurship","en"
"create_privacy_policy.md","Create Privacy Policy","Lawyers","AI 4 Legal","en"
"create_e_learning_training_manuals.md","Create E Learning Training Manuals","","AI 4 UNK","en"
"integrate_chatbot_guide.md","Integrate Chatbot Guide","","AI 4 UNK","en"
"adhd_and_autism_management_guide.md","Adhd And Autism Management Guide","","AI 4 UNK","en"
"provide_guidance.md","Provide Guidance","","AI 4 UNK","en"
"renting_strategy_guide.md","Renting Strategy Guide","Entrepreneurs","AI 4 Entrepreneurship","en"
"create_summer_internship_spreadsheet.md","Create Summer Internship Spreadsheet","","AI 4 UNK","en"
"daycare_pitch_deck.md","Daycare Pitch Deck","","AI 4 UNK","en"
"analyze_resume_transition.md","Analyze Resume Transition","Analyze Text","AI 4 Textanalyse","en"
"extract_content_from_youtube_and_podcasts.md","Extract Content From Youtube And Podcasts","Analyze Text","AI 4 Textanalyse","en"
"ReviewIctPolicies.md","Reviewictpolicies","","AI 4 UNK","en"
"alibaba_supplier_engagement_guide.md","Alibaba Supplier Engagement Guide","","AI 4 UNK","en"
"organizational_strategies.md","Organizational Strategies","","AI 4 UNK","en"
"sales_performance_report_template.md","Sales Performance Report Template","Entrepreneurs","AI 4 Entrepreneurship","en"
"brainstorm_ideas_interactive_quizzes.md","Brainstorm Ideas Interactive Quizzes","","AI 4 UNK","en"
"dyslexia_reading_tutor_plan.md","Dyslexia Reading Tutor Plan","Entrepreneurs","AI 4 Entrepreneurship","en"
"network_personal_ad.md","Network Personal Ad","","AI 4 UNK","en"
"ai_in_fictional_video_production.md","Ai In Fictional Video Production","Content Creation","AI 4 Content","en"
"create_persuasive_campaign_article.md","Create Persuasive Campaign Article","Creative Arts","AI 4 Kreativität","en"
"starting_virtual_assistant_business.md","Starting Virtual Assistant Business","Creative Arts","AI 4 Kreativität","en"
"extract_wisdom_nometa.md","IDENTITY and PURPOSE","Analyze Text","AI 4 Textanalyse","en"
"create_medical_aid_claims_company.md","Create Medical Aid Claims Company","","AI 4 UNK","en"
"analyze_logs.md","IDENTITY and PURPOSE","Analyze Text","AI 4 Textanalyse","en"
"achieving_spotify_success_playbook.md","Achieving Spotify Success Playbook","","AI 4 UNK","en"
"AI_Product_Guide.md","Ai Product Guide","Product Managers","AI 4 Produkt","en"
"marijuana_legal_landscape.md","Marijuana Legal Landscape","Lawyers","AI 4 Legal","en"
"create_cybersecurity_audit_guide.md","Create Cybersecurity Audit Guide","Cybersecurity","AI 4 Security","en"
"eb2_niw_green_card_petition.md","Eb2 Niw Green Card Petition","","AI 4 UNK","en"
"enhance_business_strategy_using_ai.md","Enhance Business Strategy Using Ai","Entrepreneurs","AI 4 Entrepreneurship","en"
"seo_travel_blog_guide.md","Seo Travel Blog Guide","Content Creation","AI 4 Content","en"
"ai_experiments_visual_content_ideas.md","Ai Experiments Visual Content Ideas","Content Creation","AI 4 Content","en"
"goal_setting_and_achievement.md","Goal Setting And Achievement","","AI 4 UNK","en"
"auditing_educational_content.md","Auditing Educational Content","Content Creation","AI 4 Content","en"
"create_real_estate_tenant_questionnaire.md","Create Real Estate Tenant Questionnaire","Real Estate","AI 4 Real Estate","en"
"budgeting_for_savings_and_investments.md","Budgeting For Savings And Investments","","AI 4 UNK","en"
"design_ai_empire.md","Design Ai Empire","Creative Arts","AI 4 Kreativität","en"
"search_function_enhancement.md","Search Function Enhancement","","AI 4 UNK","en"
"cognitive_health_promotion.md","Cognitive Health Promotion","Psychology","AI 4 Psychologie","en"
"industry_analysis_overview.md","Industry Analysis Overview","Analyze Text","AI 4 Textanalyse","en"
"virtual_learning_platform_plan.md","Virtual Learning Platform Plan","Entrepreneurs","AI 4 Entrepreneurship","en"
"developing_transport_app.md","Developing Transport App","","AI 4 UNK","en"
"analyze_career_transition_goals.md","Analyze Career Transition Goals","Analyze Text","AI 4 Textanalyse","en"
"create_prompt_for_clarification.md","Create Prompt For Clarification","Prompt Management","AI 4 PromptOps","en"
"overview_construction_process.md","Overview Construction Process","","AI 4 UNK","en"
"log_book_development_ideas.md","Log Book Development Ideas","","AI 4 UNK","en"
"extract_article_wisdom.md","IDENTITY and PURPOSE","Analyze Text","AI 4 Textanalyse","en"
"instagram_strategy_for_wellness_coaches.md","Instagram Strategy For Wellness Coaches","Coaching","AI 4 Coaching","en"
"analyze_personality.md","Analyze Personality","Analyze Text","AI 4 Textanalyse","en"
"analyze_spiritual_text.md","IDENTITY and PURPOSE","Analyze Text","AI 4 Textanalyse","en"
"create_5_product_ideas.md","Create 5 Product Ideas","Product Managers","AI 4 Produkt","en"
"improve_prompt.md","Improve Prompt","Prompt Management","AI 4 PromptOps","en"
"marcus_garvey_and_reggae_influence.md","Marcus Garvey And Reggae Influence","","AI 4 UNK","en"
"comprehensive_business_plan_guide.md","Comprehensive Business Plan Guide","Entrepreneurs","AI 4 Entrepreneurship","en"
"email_follow_up_essentials.md","Email Follow Up Essentials","Content Creation","AI 4 Content","en"
"apply_financial_aid_private_schools.md","Apply Financial Aid Private Schools","Students & School","AI 4 Schule","en"
"ai_fundamentals_and_resources.md","Ai Fundamentals And Resources","Psychology","AI 4 Psychologie","en"
"compare_and_contrast.md","IDENTITY and PURPOSE","","AI 4 UNK","en"
"prioritize_goals.md","Prioritize Goals","","AI 4 UNK","en"
"transform_interior_design_style.md","Transform Interior Design Style","Creative Arts","AI 4 Kreativität","en"
"create_tiktok_strategy.md","Create Tiktok Strategy","Entrepreneurs","AI 4 Entrepreneurship","en"
"create_coloring_book_concept.md","Create Coloring Book Concept","Creative Arts","AI 4 Kreativität","en"
"instagram_strategy_guide.md","Instagram Strategy Guide","Entrepreneurs","AI 4 Entrepreneurship","en"
"create_ugc_script.md","Create Ugc Script","Content Creation","AI 4 Content","en"
"improve_marketing_skills.md","Improve Marketing Skills","Content Creation","AI 4 Content","en"
"extract_business_ideas.md","IDENTITY and PURPOSE","Analyze Text","AI 4 Textanalyse","en"
"adjusting_to_night_shift.md","Adjusting To Night Shift","","AI 4 UNK","en"
"analyze_responses.md","Analyze Responses","Analyze Text","AI 4 Textanalyse","en"
"create_reading_plan.md","IDENTITY and PURPOSE","Entrepreneurs","AI 4 Entrepreneurship","en"
"analyze_data_breach_implications.md","Analyze Data Breach Implications","Analyze Text","AI 4 Textanalyse","en"
"opendoor_research_report.md","Opendoor Research Report","","AI 4 UNK","en"
"create_compelling_first_person_text.md","Create Compelling First Person Text","","AI 4 UNK","en"
"summarize_meeting_notes.md","Summarize Meeting Notes","Analyze Text","AI 4 Textanalyse","en"
"FoundationalNutritionFitnessCourse.md","Foundationalnutritionfitnesscourse","","AI 4 UNK","en"
"business_plan_creation.md","Business Plan Creation","Entrepreneurs","AI 4 Entrepreneurship","en"
"transcribe_youtube_videos.md","Transcribe Youtube Videos","Content Creation","AI 4 Content","en"
"story_writing_prompt.md","Story Writing Prompt","Content Creation","AI 4 Content","en"
"Presentation Outline.md","Presentation Outline","","AI 4 UNK","en"
"Create Investment Plan.md","Create Investment Plan","Entrepreneurs","AI 4 Entrepreneurship","en"
"analyze_malware.md","IDENTITY and PURPOSE","Analyze Text","AI 4 Textanalyse","en"
"create_guidance.md","Create Guidance","","AI 4 UNK","en"
"write_semgrep_rule.md","IDENTITY and PURPOSE","Content Creation","AI 4 Content","en"
"create_health_wellness_pitch_deck.md","Create Health Wellness Pitch Deck","","AI 4 UNK","en"
"Book Finding Challenges.md","Book Finding Challenges","","AI 4 UNK","en"
"compose_email_for_school_inquiry.md","Compose Email For School Inquiry","Content Creation","AI 4 Content","en"
"blockchain_degree_certificate_guide.md","Blockchain Degree Certificate Guide","","AI 4 UNK","en"
"create_science_test.md","Create Science Test","","AI 4 UNK","en"
"clean_text.md","IDENTITY and PURPOSE","","AI 4 UNK","en"
"create_cybersecurity_pitch_deck.md","Create Cybersecurity Pitch Deck","Cybersecurity","AI 4 Security","en"
"independent_educational_consultants_challenges.md","Independent Educational Consultants Challenges","Students & School","AI 4 Schule","en"
"ai_outplacement_service_proposal.md","Ai Outplacement Service Proposal","","AI 4 UNK","en"
"analyze_presentation.md","Analyze Presentation","Analyze Text","AI 4 Textanalyse","en"
"summarize_git_diff.md","IDENTITY and PURPOSE","Analyze Text","AI 4 Textanalyse","en"
"analyze_article_quality.md","Analyze Article Quality","Analyze Text","AI 4 Textanalyse","en"
"guide_to_validate_business_idea.md","Guide To Validate Business Idea","Entrepreneurs","AI 4 Entrepreneurship","en"
"summarize_micro.md","IDENTITY and PURPOSE","Analyze Text","AI 4 Textanalyse","en"
"extract_sponsors.md","IDENTITY and PURPOSE","Analyze Text","AI 4 Textanalyse","en"
"job_application_preparation_guide.md","Job Application Preparation Guide","Job Search","AI 4 Karriere","en"
"blotato_waitlist.md","Blotato Waitlist","","AI 4 UNK","en"
"wharton_mba_finance_guide.md","Wharton Mba Finance Guide","Creative Arts","AI 4 Kreativität","en"
"start_ai_agency_guide.md","Start Ai Agency Guide","Creative Arts","AI 4 Kreativität","en"
"Social Media Campaign for Personal Trainer.md","Social Media Campaign For Personal Trainer","Content Creation","AI 4 Content","en"
"join_blotato_waitlist.md","Join Blotato Waitlist","","AI 4 UNK","en"
"Fitness Training Plan.md","Fitness Training Plan","Entrepreneurs","AI 4 Entrepreneurship","en"
"ai_incident_response_guide.md","Ai Incident Response Guide","Cybersecurity","AI 4 Security","en"
"create_100_day_action_plan.md","Role: Alex Hormozi-inspired Business Strategist","Entrepreneurs","AI 4 Entrepreneurship","en"
"content_creation_guide.md","Content Creation Guide","Content Creation","AI 4 Content","en"
"summarize_study_guide.md","Summarize Study Guide","Analyze Text","AI 4 Textanalyse","en"
"Create Travel Guidebook.md","Create Travel Guidebook","","AI 4 UNK","en"
"design_marketing_materials.md","Design Marketing Materials","Content Creation","AI 4 Content","en"
"network_marketing_crypto_accessibility.md","Network Marketing Crypto Accessibility","Content Creation","AI 4 Content","en"
"Social Media Strategy.md","Social Media Strategy","Content Creation","AI 4 Content","en"
"carerscloud_linkedin_strategy.md","Carerscloud Linkedin Strategy","Entrepreneurs","AI 4 Entrepreneurship","en"
"write_hormozi_hook.md","Write Hormozi Hook","Content Creation","AI 4 Content","en"
"study_schedule_guidance.md","Study Schedule Guidance","Students & School","AI 4 Schule","en"
"create_faceless_content_guide.md","Create Faceless Content Guide","Content Creation","AI 4 Content","en"
"create_project_closure_report_guide.md","Create Project Closure Report Guide","","AI 4 UNK","en"
"create_art_course_outline.md","Create Art Course Outline","Creative Arts","AI 4 Kreativität","en"
"optimize_linkedIn_profile.md","Optimize Linkedin Profile","Job Search","AI 4 Karriere","en"
"create_faceless_concept_prompt.md","Create Faceless Concept Prompt","Prompt Management","AI 4 PromptOps","en"
"create_free_website_guide.md","Create Free Website Guide","","AI 4 UNK","en"
"Transformers_Coloring_Book.md","Transformers Coloring Book","Creative Arts","AI 4 Kreativität","en"
"meeting_minutes_template_guide.md","Meeting Minutes Template Guide","Meetings","AI 4 Meetings","en"
"analyze_ledger_accuracy.md","Analyze Ledger Accuracy","Analyze Text","AI 4 Textanalyse","en"
"optimize_landing_page_seo.md","Optimize Landing Page Seo","","AI 4 UNK","en"
"AI Database Management Guide.md","Ai Database Management Guide","Software Engineers","AI 4 Engineering","en"
"reflecting_for_better_decisions.md","Reflecting For Better Decisions","","AI 4 UNK","en"
"startups_guidance.md","Startups Guidance","Creative Arts","AI 4 Kreativität","en"
"fact-checking_norwegian_content.md","Fact Checking Norwegian Content","Content Creation","AI 4 Content","en"
"write_hooks_youtube_video.md","Write Hooks Youtube Video","Content Creation","AI 4 Content","en"
"c-suite_resume_trends.md","C Suite Resume Trends","Job Search","AI 4 Karriere","en"
"corporate_communication_edit.md","Corporate Communication Edit","","AI 4 UNK","en"
"edit_kids_fantasy_book.md","Edit Kids Fantasy Book","","AI 4 UNK","en"
"mortgage_insurance_claims_guide.md","Mortgage Insurance Claims Guide","Real Estate","AI 4 Real Estate","en"
"develop_online_news_platform.md","Develop Online News Platform","","AI 4 UNK","en"
"create_a_poppy_ai_prompt.md","Create A Poppy Ai Prompt","Prompt Management","AI 4 PromptOps","en"
"create_adult_coloring_book.md","Create Adult Coloring Book","Creative Arts","AI 4 Kreativität","en"
"explain_terms.md","IDENTITY","Lawyers","AI 4 Legal","en"
"nursing_care_plan.md","Nursing Care Plan","Entrepreneurs","AI 4 Entrepreneurship","en"
"edit_prayer_book.md","Edit Prayer Book","","AI 4 UNK","en"
"floral_harmony_coloring_book_plan.md","Floral Harmony Coloring Book Plan","Creative Arts","AI 4 Kreativität","en"
"generate_randomized_quiz_options.md","Generate Randomized Quiz Options","","AI 4 UNK","en"
"humanize_ai_writing.md","Humanize Ai Writing","Content Creation","AI 4 Content","en"
"match_outcome_prediction.md","Match Outcome Prediction","","AI 4 UNK","en"
"rate_content.md","IDENTITY and PURPOSE","Content Creation","AI 4 Content","en"
"ecommerce_analysis.md","Ecommerce Analysis","Analyze Text","AI 4 Textanalyse","en"
"Pest Control Business Strategy.md","Pest Control Business Strategy","Entrepreneurs","AI 4 Entrepreneurship","en"
"create_ai_jobs_analysis.md","Create Ai Jobs Analysis","Analyze Text","AI 4 Textanalyse","en"
"guide_for_prompt_structuring.md","IDENTITY AND PURPOSE","Prompt Management","AI 4 PromptOps","en"
"create_investigation_visualization.md","Create Investigation Visualization","Visualizations","AI 4 Visuals","en"
"avoiding_problematic_words.md","Avoiding Problematic Words","","AI 4 UNK","en"
"create_automation_strategy.md","Create Automation Strategy","Entrepreneurs","AI 4 Entrepreneurship","en"
"analyze_threat_report.md","IDENTITY and PURPOSE","Analyze Text","AI 4 Textanalyse","en"
"generational_insights_masterclass.md","Generational Insights Masterclass","","AI 4 UNK","en"
"create_facebook_content_ideas.md","Create Facebook Content Ideas","Content Creation","AI 4 Content","en"
"automated_digital_marketing_guide.md","Automated Digital Marketing Guide","Content Creation","AI 4 Content","en"
"luxury_jet_sales_messaging.md","Luxury Jet Sales Messaging","Entrepreneurs","AI 4 Entrepreneurship","en"
"NursingStudyGuide.md","Nursingstudyguide","Students & School","AI 4 Schule","en"
"social_media_branding_strategies.md","Social Media Branding Strategies","Content Creation","AI 4 Content","en"
"halloween_coloring_book_promotional_script.md","Halloween Coloring Book Promotional Script","Content Creation","AI 4 Content","en"
"conduct_feasibility_study_prompts.md","Conduct Feasibility Study Prompts","Prompt Management","AI 4 PromptOps","en"
"improve_academic_writing.md","Improve Academic Writing","Content Creation","AI 4 Content","en"
"analyze_diet_impact.md","Analyze Diet Impact","Analyze Text","AI 4 Textanalyse","en"
"automation_in_fintech_overview.md","Automation In Fintech Overview","","AI 4 UNK","en"
"create_practice_tests.md","Create Practice Tests","","AI 4 UNK","en"
"analyze_testing_concepts.md","Analyze Testing Concepts","Analyze Text","AI 4 Textanalyse","en"
"analyze_branding_and_content_generation.md","Analyze Branding And Content Generation","Analyze Text","AI 4 Textanalyse","en"
"analyze_paper.md","Analyze Paper","Analyze Text","AI 4 Textanalyse","en"
"engaging_writing_prompts.md","Engaging Writing Prompts","Content Creation","AI 4 Content","en"
"post_coloring_books_online.md","Post Coloring Books Online","Content Creation","AI 4 Content","en"
"suggest_pattern.md","IDENTITY and PURPOSE","","AI 4 UNK","en"
"create_cybersecurity_resumes.md","Create Cybersecurity Resumes","Cybersecurity","AI 4 Security","en"
"write_lessons_learned_post.md","Write Lessons Learned Post","Content Creation","AI 4 Content","en"
"gasesindustrycommunicationstrategy.md","Gasesindustrycommunicationstrategy","Entrepreneurs","AI 4 Entrepreneurship","en"
"extract_predictions.md","IDENTITY and PURPOSE","Analyze Text","AI 4 Textanalyse","en"
"create_video_prompts.md","Create Video Prompts","Content Creation","AI 4 Content","en"
"data_extraction.md","Data Extraction","Analyze Text","AI 4 Textanalyse","en"
"grant_application_support.md","Grant Application Support","","AI 4 UNK","en"
"blotato_overview.md","Blotato Overview","","AI 4 UNK","en"
"create_microstock_video_guide.md","Create Microstock Video Guide","Content Creation","AI 4 Content","en"
"football_betting_prediction_system.md","Football Betting Prediction System","","AI 4 UNK","en"
"extract_wisdom_agents.md","IDENTITY","Analyze Text","AI 4 Textanalyse","en"
"define_your_business_niche.md","Define Your Business Niche","Entrepreneurs","AI 4 Entrepreneurship","en"
"create_content_guidelines.md","Create Content Guidelines","Content Creation","AI 4 Content","en"
"write_top_mistakes_post.md","Write Top Mistakes Post","Content Creation","AI 4 Content","en"
"create_relationship_ebooks.md","Create Relationship Ebooks","","AI 4 UNK","en"
"collecting_chatgpt_prompts.md","Collecting Chatgpt Prompts","Prompt Management","AI 4 PromptOps","en"
"create_report_finding.md","IDENTITY and PURPOSE","","AI 4 UNK","en"
"create_ad_strategy_for_schools.md","Create Ad Strategy For Schools","Entrepreneurs","AI 4 Entrepreneurship","en"
"extract_insurance_quotations.md","Extract Insurance Quotations","Analyze Text","AI 4 Textanalyse","en"
"create_prompt_library_proposal.md","Create Prompt Library Proposal","Prompt Management","AI 4 PromptOps","en"
"Internal Audit Program Template.md","Internal Audit Program Template","","AI 4 UNK","en"
"app_development_guide.md","App Development Guide","","AI 4 UNK","en"
"ai_tools_for_neurodivergent_individuals.md","Ai Tools For Neurodivergent Individuals","","AI 4 UNK","en"
"writing_with_ai.md","Writing With Ai","Content Creation","AI 4 Content","en"
"create_social_media_post.md","Create Social Media Post","Content Creation","AI 4 Content","en"
"show_fabric_options.md","Show Fabric Options","","AI 4 UNK","en"
"check_agreement.md","Check Agreement","","AI 4 UNK","en"
"strategies_for_kdp_monetization.md","Strategies For Kdp Monetization","","AI 4 UNK","en"
"Business Development Strategy.md","Business Development Strategy","Entrepreneurs","AI 4 Entrepreneurship","en"
"BullyingStatistics.md","Bullyingstatistics","","AI 4 UNK","en"
"AI Innovation Center Development.md","Ai Innovation Center Development","","AI 4 UNK","en"
"linked_in_website_article_analysis.md","Linked In Website Article Analysis","Analyze Text","AI 4 Textanalyse","en"
"create_marketing_sales_letter.md","Create Marketing Sales Letter","Content Creation","AI 4 Content","en"
"linkedin_profile_optimization.md","Linkedin Profile Optimization","Job Search","AI 4 Karriere","en"
"linkedin_outreach_cognitive_test.md","Linkedin Outreach Cognitive Test","Job Search","AI 4 Karriere","en"
"engaging_drama_stories.md","Engaging Drama Stories","","AI 4 UNK","en"
"organizing_knowledge_hub.md","Organizing Knowledge Hub","","AI 4 UNK","en"
"humanize_ai_communication.md","Humanize Ai Communication","","AI 4 UNK","en"
"summarize_git_changes.md","IDENTITY and PURPOSE","Analyze Text","AI 4 Textanalyse","en"
"BrandingGuide.md","Brandingguide","","AI 4 UNK","en"
"solo_travel_guide.md","Solo Travel Guide","","AI 4 UNK","en"
"create_video_sop.md","Create Video Sop","Content Creation","AI 4 Content","en"
"Funding High School Track.md","Funding High School Track","Entrepreneurs","AI 4 Entrepreneurship","en"
"create_cyberag_co_op_plan.md","Create Cyberag Co Op Plan","Cybersecurity","AI 4 Security","en"
"create_case_document.md","Create Case Document","","AI 4 UNK","en"
"reimagine_hooks.md","Reimagine Hooks","","AI 4 UNK","en"
"direct_response_marketing_strategy.md","Direct Response Marketing Strategy","Content Creation","AI 4 Content","en"
"Supported Living Policy.md","Supported Living Policy","Lawyers","AI 4 Legal","en"
"teenage_online_club_concept.md","Teenage Online Club Concept","","AI 4 UNK","en"
"Create SaaS Sales Proposal.md","Create Saas Sales Proposal","Entrepreneurs","AI 4 Entrepreneurship","en"
"social_media_growth_plan.md","Social Media Growth Plan","Content Creation","AI 4 Content","en"
"Professional Development Plan.md","Professional Development Plan","Entrepreneurs","AI 4 Entrepreneurship","en"
"wharton_mba_courses_overview.md","Wharton Mba Courses Overview","Creative Arts","AI 4 Kreativität","en"
"create_better_frame.md","Create Better Frame","","AI 4 UNK","en"
"create_terms_and_conditions.md","Create Terms And Conditions","Lawyers","AI 4 Legal","en"
"startup_costs_assessment.md","Startup Costs Assessment","Creative Arts","AI 4 Kreativität","en"
"adhd_accountability_buddy.md","Adhd Accountability Buddy","","AI 4 UNK","en"
"create_educational_activity.md","Create Educational Activity","Students & School","AI 4 Schule","en"
"brainstorm_content_pillars.md","Brainstorm Content Pillars","Content Creation","AI 4 Content","en"
"republishing_public_domain_books.md","Republishing Public Domain Books","","AI 4 UNK","en"
"analyze_news_content_generation.md","Analyze News Content Generation","Analyze Text","AI 4 Textanalyse","en"
"cultural_competency_in_leadership.md","Cultural Competency In Leadership","","AI 4 UNK","en"
"analyze_pokemon_card_business.md","Analyze Pokemon Card Business","Analyze Text","AI 4 Textanalyse","en"
"analyze_threat_report_trends.md","IDENTITY and PURPOSE","Analyze Text","AI 4 Textanalyse","en"
"ai_skills_enhancement.md","Ai Skills Enhancement","","AI 4 UNK","en"
"create_ebook_guide.md","Create Ebook Guide","","AI 4 UNK","en"
"design_farm_stall_layout.md","Design Farm Stall Layout","Creative Arts","AI 4 Kreativität","en"
"mental_health_guide.md","Mental Health Guide","Psychology","AI 4 Psychologie","en"
"family_wellness_resource.md","Family Wellness Resource","","AI 4 UNK","en"
"create_job_description_senior_graphic_designer.md","Create Job Description Senior Graphic Designer","Content Creation","AI 4 Content","en"
"private_healthcare_proposal.md","Private Healthcare Proposal","","AI 4 UNK","en"
"write_micro_essay.md","IDENTITY and PURPOSE","Content Creation","AI 4 Content","en"
"improve_writing.md","IDENTITY and PURPOSE","Content Creation","AI 4 Content","en"
"brand_content_development.md","Brand Content Development","Content Creation","AI 4 Content","en"
"create_muscle_car_video_prompt.md","Create Muscle Car Video Prompt","Content Creation","AI 4 Content","en"
"operational_technology_cybersecurity_wbs.md","Operational Technology Cybersecurity Wbs","Cybersecurity","AI 4 Security","en"
"childcare_menu_planning_guide.md","Childcare Menu Planning Guide","Entrepreneurs","AI 4 Entrepreneurship","en"
"social_media_strategy_for_animators.md","Social Media Strategy For Animators","Content Creation","AI 4 Content","en"
"Setting Up TikTok Shop.md","Setting Up Tiktok Shop","","AI 4 UNK","en"
"create_ai_application.md","Create Ai Application","","AI 4 UNK","en"
"extract_book_recommendations.md","IDENTITY and PURPOSE","Analyze Text","AI 4 Textanalyse","en"
"soccer_scouting_report_enhancements.md","Soccer Scouting Report Enhancements","Cybersecurity","AI 4 Security","en"
"summarize_paper.md","Summarize Paper","Analyze Text","AI 4 Textanalyse","en"
"Create Coloring Book Ideas.md","Create Coloring Book Ideas","Creative Arts","AI 4 Kreativität","en"
"create_email_template_for_leaders.md","Create Email Template For Leaders","Content Creation","AI 4 Content","en"
"create_consulting_ai_chatbot.md","Create Consulting Ai Chatbot","","AI 4 UNK","en"
"brainstorm_tiktok_video_ideas.md","Brainstorm Tiktok Video Ideas","Content Creation","AI 4 Content","en"
"analyze_prose_json.md","IDENTITY and PURPOSE","Analyze Text","AI 4 Textanalyse","en"
"documentary_script_creation.md","Documentary Script Creation","Content Creation","AI 4 Content","en"
"Social Media Content Ideas.md","Social Media Content Ideas","Content Creation","AI 4 Content","en"
"analyze_target_audience.md","Analyze Target Audience","Analyze Text","AI 4 Textanalyse","en"
"inbound_call_management_strategies.md","Inbound Call Management Strategies","","AI 4 UNK","en"
"ai_editing_esl_courses.md","Ai Editing Esl Courses","","AI 4 UNK","en"
"coding_master.md","Coding Master","","AI 4 UNK","en"
"Funding Strategies.md","Funding Strategies","Entrepreneurs","AI 4 Entrepreneurship","en"
"blog_post_tutorial.md","Blog Post Tutorial","Content Creation","AI 4 Content","en"
"dream_life_exploration.md","Dream Life Exploration","","AI 4 UNK","en"
"create_engaging_website_content_and_video_scripts_for_small_business.md","Create Engaging Website Content And Video Scripts For Small Business","Content Creation","AI 4 Content","en"
"WhatsApp Patient Response.md","Whatsapp Patient Response","","AI 4 UNK","en"
"personal_brand_content_creation.md","Personal Brand Content Creation","Content Creation","AI 4 Content","en"
"start_tutoring_company.md","Start Tutoring Company","Creative Arts","AI 4 Kreativität","en"
"annual_life_goals_plan.md","Annual Life Goals Plan","Entrepreneurs","AI 4 Entrepreneurship","en"
"problem_agitate_solve.md","Problem Agitate Solve","Software Engineers","AI 4 Engineering","en"
"kids_event_planning.md","Kids Event Planning","Entrepreneurs","AI 4 Entrepreneurship","en"
"digital_marketing_coaching_guide.md","Digital Marketing Coaching Guide","Coaching","AI 4 Coaching","en"
"wellness_guide.md","Wellness Guide","","AI 4 UNK","en"
"email_automation_guide.md","Email Automation Guide","Content Creation","AI 4 Content","en"
"analyze_medical_service.md","Analyze Medical Service","Analyze Text","AI 4 Textanalyse","en"
"virtual_assistant_recruitment.md","Virtual Assistant Recruitment","","AI 4 UNK","en"
"ai.md","IDENTITY and PURPOSE","","AI 4 UNK","en"
"predicting_road_deterioration.md","Predicting Road Deterioration","","AI 4 UNK","en"
"write_hackerone_report.md","IDENTITY","Content Creation","AI 4 Content","en"
"departmental_head_job_description.md","Departmental Head Job Description","Content Creation","AI 4 Content","en"
"write_pull-request.md","IDENTITY AND PURPOSE","Content Creation","AI 4 Content","en"
"excel_guide_for_business_managers.md","Excel Guide For Business Managers","Entrepreneurs","AI 4 Entrepreneurship","en"
"analyze_repository_status.md","Analyze Repository Status","Analyze Text","AI 4 Textanalyse","en"
"Luxury Hospitality Training.md","Luxury Hospitality Training","","AI 4 UNK","en"
"fast_food_business_guide.md","Fast Food Business Guide","Entrepreneurs","AI 4 Entrepreneurship","en"
"CreateGrantProposal.md","Creategrantproposal","","AI 4 UNK","en"
"ai_project_management_guide.md","Ai Project Management Guide","","AI 4 UNK","en"
"dementia_cost_analysis.md","Dementia Cost Analysis","Analyze Text","AI 4 Textanalyse","en"
"agility_story.md","IDENTITY and PURPOSE","Creative Arts","AI 4 Kreativität","en"
"create_instagram_content.md","Create Instagram Content","Content Creation","AI 4 Content","en"
"game_mastery_assistant.md","Game Mastery Assistant","Gaming","AI 4 Gaming","en"
"easter_miracle_service_posts.md","Easter Miracle Service Posts","Content Creation","AI 4 Content","en"
"simplifying_scam_email_awareness.md","Simplifying Scam Email Awareness","Content Creation","AI 4 Content","en"
"conservation_project_analysis.md","Conservation Project Analysis","Analyze Text","AI 4 Textanalyse","en"
"write_linkedin_post.md","Write Linkedin Post","Content Creation","AI 4 Content","en"
"career_guidance_for_education_roles.md","Career Guidance For Education Roles","Job Search","AI 4 Karriere","en"
"real_estate_app_development.md","Real Estate App Development","Real Estate","AI 4 Real Estate","en"
"raw_query.md","IDENTITY","","AI 4 UNK","en"
"meal_plan_for_daycares.md","Meal Plan For Daycares","Entrepreneurs","AI 4 Entrepreneurship","en"
"luxury_travel_updates_guide.md","Luxury Travel Updates Guide","","AI 4 UNK","en"
"empowering_rural_women_in_ghana.md","Empowering Rural Women In Ghana","","AI 4 UNK","en"
"analyze_prompt_pas.md","Analyze Prompt Pas","Analyze Text","AI 4 Textanalyse","en"
"limitations_to_desired_identity.md","Limitations To Desired Identity","","AI 4 UNK","en"
"optimize_resume_keywords.md","Optimize Resume Keywords","Job Search","AI 4 Karriere","en"
"terms_and_conditions_document.md","Terms And Conditions Document","Lawyers","AI 4 Legal","en"
"analyze_articles_instagram_carousel.md","Analyze Articles Instagram Carousel","Analyze Text","AI 4 Textanalyse","en"
"brainstorm_ideas_recent_experiences.md","IDENTITY and PURPOSE","","AI 4 UNK","en"
"language_learning_activities.md","Language Learning Activities","","AI 4 UNK","en"
"write_cover_letter.md","Write Cover Letter","Content Creation","AI 4 Content","en"
"DocumentaryScriptOutline.md","Documentaryscriptoutline","Content Creation","AI 4 Content","en"
"bankroll_growth_strategy.md","Bankroll Growth Strategy","Entrepreneurs","AI 4 Entrepreneurship","en"
"investment_course_development.md","Investment Course Development","","AI 4 UNK","en"
"create_idea_compass.md","Create Idea Compass","","AI 4 UNK","en"
"ai_solution_guide.md","Ai Solution Guide","","AI 4 UNK","en"
"find_hidden_message.md","IDENTITY AND GOALS","","AI 4 UNK","en"
"GenerationalDifferencesMasterclass.md","Generationaldifferencesmasterclass","","AI 4 UNK","en"
"investment_opportunities_botswana.md","Investment Opportunities Botswana","","AI 4 UNK","en"
"analyze_incident.md","Analyze Incident","Analyze Text","AI 4 Textanalyse","en"
"analyze_political_sentiment.md","Analyze Political Sentiment","Analyze Text","AI 4 Textanalyse","en"
"data_analysis_and_science_overview.md","Data Analysis And Science Overview","Analyze Text","AI 4 Textanalyse","en"
"faceless_content_generator.md","Faceless Content Generator","Content Creation","AI 4 Content","en"
"create_logo.md","Create Logo","","AI 4 UNK","en"
"mental_health_conditions_report.md","Mental Health Conditions Report","Psychology","AI 4 Psychologie","en"
"thanksgiving_coloring_book_outline.md","Thanksgiving Coloring Book Outline","Creative Arts","AI 4 Kreativität","en"
"signal_analysis_curriculum.md","Signal Analysis Curriculum","Analyze Text","AI 4 Textanalyse","en"
"analyze_customer_service_interaction.md","Analyze Customer Service Interaction","Analyze Text","AI 4 Textanalyse","en"
"autism_research_overview.md","Autism Research Overview","","AI 4 UNK","en"
"create_tags.md","IDENTITY and PURPOSE","","AI 4 UNK","en"
"create_wellness_brand_business_plan.md","Create Wellness Brand Business Plan","Entrepreneurs","AI 4 Entrepreneurship","en"
"dialogue_optimization_for_screenplays.md","Dialogue Optimization For Screenplays","Creative Arts","AI 4 Kreativität","en"
"create_quiz.md","IDENTITY and PURPOSE","","AI 4 UNK","en"
"Create Ebook Marketing Strategy.md","Create Ebook Marketing Strategy","Content Creation","AI 4 Content","en"
"prepare_and_file_appeal_guide.md","Prepare And File Appeal Guide","","AI 4 UNK","en"
"create_content_strategy.md","Create Content Strategy","Content Creation","AI 4 Content","en"
"marketing_strategy_for_handmade_jewelry.md","Marketing Strategy For Handmade Jewelry","Content Creation","AI 4 Content","en"
"summarize_study_material.md","Summarize Study Material","Analyze Text","AI 4 Textanalyse","en"
"create_merit_file_guidelines.md","Create Merit File Guidelines","","AI 4 UNK","en"
"Create Presentation Deck.md","Create Presentation Deck","","AI 4 UNK","en"
"corporate_tax_optimization.md","Corporate Tax Optimization","","AI 4 UNK","en"
"summarize_rpg_session.md","IDENTITY and PURPOSE","Analyze Text","AI 4 Textanalyse","en"
"vitamin_recommendation_app_plan.md","Vitamin Recommendation App Plan","Entrepreneurs","AI 4 Entrepreneurship","en"
"BrandReputationStrategy.md","Brandreputationstrategy","Entrepreneurs","AI 4 Entrepreneurship","en"
"create_marketing_sales_letter_outline.md","Create Marketing Sales Letter Outline","Content Creation","AI 4 Content","en"
"green_card_application_guide.md","Green Card Application Guide","","AI 4 UNK","en"
"content_creation_checklist.md","Content Creation Checklist","Content Creation","AI 4 Content","en"
"official_pattern_template.md","IDENTITY","","AI 4 UNK","en"
"chatgpt_for_medical_practice_efficiency.md","Chatgpt For Medical Practice Efficiency","","AI 4 UNK","en"
"accounting_business_website_content.md","Accounting Business Website Content","Content Creation","AI 4 Content","en"
"improve_engagement_in_writing.md","Improve Engagement In Writing","Content Creation","AI 4 Content","en"
"arts_and_cultural_precinct.md","Arts And Cultural Precinct","Creative Arts","AI 4 Kreativität","en"
"create_cybersecurity_job_description.md","Create Cybersecurity Job Description","Content Creation","AI 4 Content","en"
"extract_study_material.md","Extract Study Material","Analyze Text","AI 4 Textanalyse","en"
"hello_kitty_plr_kits_for_coloring_books.md","Hello Kitty Plr Kits For Coloring Books","Creative Arts","AI 4 Kreativität","en"
"Digital Marketing Daily Method.md","Digital Marketing Daily Method","Content Creation","AI 4 Content","en"
"guide_to_develop_digital_product.md","Guide To Develop Digital Product","Product Managers","AI 4 Produkt","en"
"Self Improvement Strategies.md","Self Improvement Strategies","","AI 4 UNK","en"
"create_show_intro.md","IDENTITY and PURPOSE","","AI 4 UNK","en"
"create_compelling_linkedin_headlines.md","Create Compelling Linkedin Headlines","Job Search","AI 4 Karriere","en"
"humanize_ai_text.md","Humanize Ai Text","","AI 4 UNK","en"
"create_marketing_prompts.md","Create Marketing Prompts","Content Creation","AI 4 Content","en"
"create_real_estate_seo.md","Create Real Estate Seo","Real Estate","AI 4 Real Estate","en"
"combine_prompts.md","Combine Prompts","Prompt Management","AI 4 PromptOps","en"
"capture_thinkers_work.md","Capture Thinkers Work","","AI 4 UNK","en"
"create_video_advertisement_concept.md","Create Video Advertisement Concept","Content Creation","AI 4 Content","en"
"create_micro_summary.md","IDENTITY and PURPOSE","Analyze Text","AI 4 Textanalyse","en"
"strategies_for_linkedin_thought_leadership.md","Strategies For Linkedin Thought Leadership","Job Search","AI 4 Karriere","en"
"historical_coloring_book.md","Historical Coloring Book","Creative Arts","AI 4 Kreativität","en"
"nurse_workforce_analysis.md","Nurse Workforce Analysis","Analyze Text","AI 4 Textanalyse","en"
"analyze_claims.md","Analyze Claims","Analyze Text","AI 4 Textanalyse","en"
"oversharing_book_guide.md","Oversharing Book Guide","","AI 4 UNK","en"
"product_support_inquiry.md","Product Support Inquiry","Product Managers","AI 4 Produkt","en"
"retirement_home_construction_plan.md","Retirement Home Construction Plan","Entrepreneurs","AI 4 Entrepreneurship","en"
"Viral Content Strategy.md","Viral Content Strategy","Content Creation","AI 4 Content","en"
"holiday_gathering_guide.md","Holiday Gathering Guide","","AI 4 UNK","en"
"strategies_for_clearing_creditors_debit_balances.md","Strategies For Clearing Creditors Debit Balances","","AI 4 UNK","en"
"build_custom_college_list.md","Build Custom College List","","AI 4 UNK","en"
"business_directory_investigation.md","Business Directory Investigation","Entrepreneurs","AI 4 Entrepreneurship","en"
"create_ai_system_for_misinformation_detection.md","Create Ai System For Misinformation Detection","","AI 4 UNK","en"
"Health And Wellness Content.md","Health And Wellness Content","Content Creation","AI 4 Content","en"
"business_strategy_assistant.md","Business Strategy Assistant","Entrepreneurs","AI 4 Entrepreneurship","en"
"create_video_chapters.md","IDENTITY and PURPOSE","Content Creation","AI 4 Content","en"
"analyze_prose_pinker.md","IDENTITY and PURPOSE","Analyze Text","AI 4 Textanalyse","en"
"analyze_contract_compliance.md","Analyze Contract Compliance","Analyze Text","AI 4 Textanalyse","en"
"simplify_learning_content.md","Simplify Learning Content","Content Creation","AI 4 Content","en"
"british_english_learning.md","British English Learning","","AI 4 UNK","en"
"guide_government_contracts_pharma.md","Guide Government Contracts Pharma","Lawyers","AI 4 Legal","en"
"analyze_itsm_issues.md","Analyze Itsm Issues","Analyze Text","AI 4 Textanalyse","en"
"email_funnel_creation.md","Email Funnel Creation","Content Creation","AI 4 Content","en"
"create_hr_prompts.md","Create Hr Prompts","Prompt Management","AI 4 PromptOps","en"
"career_advancement_guide.md","Career Advancement Guide","Job Search","AI 4 Karriere","en"
"create_online_course.md","Create Online Course","","AI 4 UNK","en"
"rfp_response_assistance.md","Rfp Response Assistance","","AI 4 UNK","en"
"change_management_course_design.md","Change Management Course Design","Creative Arts","AI 4 Kreativität","en"
"hiring_online_business_manager.md","Hiring Online Business Manager","Entrepreneurs","AI 4 Entrepreneurship","en"
"create_visualization.md","IDENTITY and PURPOSE","Visualizations","AI 4 Visuals","en"
"ai_dental_automation_strategy.md","Ai Dental Automation Strategy","Entrepreneurs","AI 4 Entrepreneurship","en"
"improving_patient_experience_report.md","Improving Patient Experience Report","","AI 4 UNK","en"
"create_presentation_from_script.md","Create Presentation From Script","Content Creation","AI 4 Content","en"
"faceless_bible_stories_outline.md","Faceless Bible Stories Outline","","AI 4 UNK","en"
"create_brand_voice_guidelines.md","Create Brand Voice Guidelines","","AI 4 UNK","en"
"learning_stock_trading_plan.md","Learning Stock Trading Plan","Entrepreneurs","AI 4 Entrepreneurship","en"
"conduct_online_dialogues.md","Conduct Online Dialogues","","AI 4 UNK","en"
"Bird And Insect Identification Course.md","Bird And Insect Identification Course","","AI 4 UNK","en"
"analyze_ikigai.md","Analyze Ikigai","Analyze Text","AI 4 Textanalyse","en"
"answer_interview_question.md","Answer Interview Question","Job Search","AI 4 Karriere","en"
"ai_powered_consumer_insights.md","Ai Powered Consumer Insights","","AI 4 UNK","en"
"predictive_chatbot_development.md","Predictive Chatbot Development","","AI 4 UNK","en"
"forensic_accounting_guidance.md","Forensic Accounting Guidance","","AI 4 UNK","en"
"brainstorm_ideas_customer_pain.md","Brainstorm Ideas Customer Pain","","AI 4 UNK","en"
"blog_creation_tasks.md","Blog Creation Tasks","Content Creation","AI 4 Content","en"
"social_media_content_tree_service.md","Social Media Content Tree Service","Content Creation","AI 4 Content","en"
"create_banking_guide.md","Create Banking Guide","","AI 4 UNK","en"
"analyze_tiktok_dream_life.md","Analyze Tiktok Dream Life","Analyze Text","AI 4 Textanalyse","en"
"create_keynote.md","Create Keynote","","AI 4 UNK","en"
"filter_job_opportunities.md","Filter Job Opportunities","Job Search","AI 4 Karriere","en"
"create_website_guide.md","Create Website Guide","","AI 4 UNK","en"
"create_farming_business_plan.md","Create Farming Business Plan","Entrepreneurs","AI 4 Entrepreneurship","en"
"find_free_ai_courses.md","Find Free Ai Courses","","AI 4 UNK","en"
"export_chatgpt_conversations.md","Export Chatgpt Conversations","","AI 4 UNK","en"
"create_engaging_instagram_reel.md","Create Engaging Instagram Reel","","AI 4 UNK","en"
"music_licensing_strategy.md","Music Licensing Strategy","Creative Arts","AI 4 Kreativität","en"
"spatial_lab_discussion_points.md","Spatial Lab Discussion Points","","AI 4 UNK","en"
"write_video_script_tiktok_motivation.md","Write Video Script Tiktok Motivation","Content Creation","AI 4 Content","en"
"screenplay_to_novel_adaptation.md","Screenplay To Novel Adaptation","Creative Arts","AI 4 Kreativität","en"
"create_comprehensive_article.md","Create Comprehensive Article","Creative Arts","AI 4 Kreativität","en"
"ai_automation_service_desk.md","Ai Automation Service Desk","","AI 4 UNK","en"
"create_dating_app_business_plan.md","Create Dating App Business Plan","Entrepreneurs","AI 4 Entrepreneurship","en"
"DocumentOrganizationApp.md","Documentorganizationapp","","AI 4 UNK","en"
"brainstorm_job_search_plan.md","IDENTITY and PURPOSE","Entrepreneurs","AI 4 Entrepreneurship","en"
"StrategicPlanDrafting.md","Strategicplandrafting","Entrepreneurs","AI 4 Entrepreneurship","en"
"30_day_project_management_course.md","30 Day Project Management Course","","AI 4 UNK","en"
"create_lesson_plans.md","Create Lesson Plans","Entrepreneurs","AI 4 Entrepreneurship","en"
"create_marketing_ebook.md","Create Marketing Ebook","Content Creation","AI 4 Content","en"
"website_evaluation_public_speaking.md","Website Evaluation Public Speaking","","AI 4 UNK","en"
"faceless_video_guide.md","Faceless Video Guide","Content Creation","AI 4 Content","en"
"identify_cybersecurity_controls.md","Identify Cybersecurity Controls","Cybersecurity","AI 4 Security","en"
"non_injectable_peptide_marketing_strategy.md","Non Injectable Peptide Marketing Strategy","Content Creation","AI 4 Content","en"
"create_short_film_script.md","Create Short Film Script","Content Creation","AI 4 Content","en"
"create_travel_article_framework.md","Create Travel Article Framework","Creative Arts","AI 4 Kreativität","en"
"create_npc.md","IDENTITY and PURPOSE","","AI 4 UNK","en"
"professional_reference_letter_guidance.md","Professional Reference Letter Guidance","","AI 4 UNK","en"
"extract_algorithm_update_recommendations.md","IDENTITY and PURPOSE","Analyze Text","AI 4 Textanalyse","en"
"Create M&A Analysis.md","Create M&a Analysis","Analyze Text","AI 4 Textanalyse","en"
"create_humanized_responses.md","Create Humanized Responses","","AI 4 UNK","en"
"study_guide_supply_chain_management.md","Study Guide Supply Chain Management","Students & School","AI 4 Schule","en"
"healthy_meal_plan.md","Healthy Meal Plan","Entrepreneurs","AI 4 Entrepreneurship","en"
"create_article_structure.md","Create Article Structure","Creative Arts","AI 4 Kreativität","en"
"create_study_booklet.md","Create Study Booklet","Students & School","AI 4 Schule","en"
"create_unique_nature_videos.md","Create Unique Nature Videos","Content Creation","AI 4 Content","en"
"create_social_media_strategy.md","Create Social Media Strategy","Content Creation","AI 4 Content","en"
"Create Pinterest Pin Content Strategy.md","Create Pinterest Pin Content Strategy","Content Creation","AI 4 Content","en"
"marcus_garvey_hip_hop_influence.md","Marcus Garvey Hip Hop Influence","","AI 4 UNK","en"
"create_summary.md","IDENTITY and PURPOSE","Analyze Text","AI 4 Textanalyse","en"
"Employee Satisfaction Survey.md","Employee Satisfaction Survey","","AI 4 UNK","en"
"create_sales_tracker_plan.md","Create Sales Tracker Plan","Entrepreneurs","AI 4 Entrepreneurship","en"
"create_audiobook_materials.md","Create Audiobook Materials","","AI 4 UNK","en"
"blotto_game_overview.md","Blotto Game Overview","Gaming","AI 4 Gaming","en"
"farm_marketing_strategy.md","Farm Marketing Strategy","Content Creation","AI 4 Content","en"
"digital_cognitive_assessment_tool_description.md","Digital Cognitive Assessment Tool Description","Content Creation","AI 4 Content","en"
"request_early_lease_termination.md","Request Early Lease Termination","","AI 4 UNK","en"
"HalloweenBookIdeas.md","Halloweenbookideas","","AI 4 UNK","en"
"create_prompt_engineering_format.md","Create Prompt Engineering Format","Prompt Management","AI 4 PromptOps","en"
"seo_article_outline.md","Seo Article Outline","Creative Arts","AI 4 Kreativität","en"
"brainstorm_interview_questions.md","IDENTITY and PURPOSE","Job Search","AI 4 Karriere","en"
"create_presentation_content_outline.md","Create Presentation Content Outline","Content Creation","AI 4 Content","en"
"analyze_content_for_new_insights.md","Analyze Content For New Insights","Analyze Text","AI 4 Textanalyse","en"
"hr_coordinator_guide.md","Hr Coordinator Guide","","AI 4 UNK","en"
"create_tiktok_content_awareness.md","Create Tiktok Content Awareness","Content Creation","AI 4 Content","en"
"engaging_camp_activities.md","Engaging Camp Activities","","AI 4 UNK","en"
"create_engaging_tiktok_prompts.md","Create Engaging Tiktok Prompts","Prompt Management","AI 4 PromptOps","en"
"building_niche_websites_guide.md","Building Niche Websites Guide","","AI 4 UNK","en"
"grow_social_media_followers.md","Grow Social Media Followers","Content Creation","AI 4 Content","en"
"create_dream_life_tiktok_story.md","Create Dream Life Tiktok Story","Creative Arts","AI 4 Kreativität","en"
"create_youtube_video_script.md","CONTEXT","Content Creation","AI 4 Content","en"
"create_stride_threat_model.md","IDENTITY and PURPOSE","Cybersecurity","AI 4 Security","en"
"debate_and_public_speaking_club_proposal.md","Debate And Public Speaking Club Proposal","","AI 4 UNK","en"
"job_preparation_guide.md","Job Preparation Guide","Job Search","AI 4 Karriere","en"
"community_association_constitution.md","Community Association Constitution","Cybersecurity","AI 4 Security","en"
"master_student_ai_coach.md","Master Student Ai Coach","Coaching","AI 4 Coaching","en"
"create_command.md","IDENTITY and PURPOSE","","AI 4 UNK","en"
"rate_value.md","IDENTITY and PURPOSE","","AI 4 UNK","en"
"create_excel_assignment_guide.md","Create Excel Assignment Guide","","AI 4 UNK","en"
"explain_code.md","IDENTITY and PURPOSE","Software Engineers","AI 4 Engineering","en"
"job_application_preparation.md","Job Application Preparation","Job Search","AI 4 Karriere","en"
"finding_suitable_childrens_books.md","Finding Suitable Childrens Books","","AI 4 UNK","en"
"design_dei_course_structure.md","Design Dei Course Structure","Creative Arts","AI 4 Kreativität","en"
"create_git_diff_commit.md","IDENTITY and PURPOSE","Software Engineers","AI 4 Engineering","en"
"get_youtube_rss.md","IDENTITY AND GOALS","","AI 4 UNK","en"
"Home Improvement Promotion.md","Home Improvement Promotion","","AI 4 UNK","en"
"create_project_charter.md","Create Project Charter","Creative Arts","AI 4 Kreativität","en"
"e-commerce_skills_and_time_management.md","E Commerce Skills And Time Management","","AI 4 UNK","en"
"extract_wisdom_dm.md","IDENTITY","Analyze Text","AI 4 Textanalyse","en"
"analyze_prose.md","Analyze Prose","Analyze Text","AI 4 Textanalyse","en"
"social_media_content_calendar.md","Social Media Content Calendar","Content Creation","AI 4 Content","en"
"create_lofi_music_guide.md","Create Lofi Music Guide","Creative Arts","AI 4 Kreativität","en"
"design_whatsapp_course.md","Design Whatsapp Course","Creative Arts","AI 4 Kreativität","en"
"motivation_guidelines_calendar.md","Motivation Guidelines Calendar","","AI 4 UNK","en"
"visualize_diabetes_manuscript.md","Visualize Diabetes Manuscript","Content Creation","AI 4 Content","en"
"brainstorm_salary_negotiation.md","IDENTITY and PURPOSE","","AI 4 UNK","en"
"create_marketing_plan.md","Create Marketing Plan","Content Creation","AI 4 Content","en"
"Nutrition And Fitness Course.md","Nutrition And Fitness Course","","AI 4 UNK","en"
"comprehensive_guide_program_management_healthcare.md","Comprehensive Guide Program Management Healthcare","","AI 4 UNK","en"
"analyze_patent.md","IDENTITY and PURPOSE","Analyze Text","AI 4 Textanalyse","en"
"summarize_debate.md","IDENTITY","Analyze Text","AI 4 Textanalyse","en"
"GRE_Study_Guide.md","Gre Study Guide","Students & School","AI 4 Schule","en"
"create_sigma_rules.md","Create Sigma Rules","","AI 4 UNK","en"
"write_video_script_tiktok.md","Write Video Script Tiktok","Content Creation","AI 4 Content","en"
"create_marketing_strategy_for_dj.md","Create Marketing Strategy For Dj","Content Creation","AI 4 Content","en"
"ai_academy_setup_plan.md","Ai Academy Setup Plan","Entrepreneurs","AI 4 Entrepreneurship","en"
"create_short_video_clips_for_salons.md","Create Short Video Clips For Salons","Content Creation","AI 4 Content","en"
"statement_of_assets_and_liabilities_presentation.md","Statement Of Assets And Liabilities Presentation","","AI 4 UNK","en"
"optimize_linkedin_ads.md","Optimize Linkedin Ads","Job Search","AI 4 Karriere","en"
"write_video_script_tiktok_marcus_garvey.md","Write Video Script Tiktok Marcus Garvey","Content Creation","AI 4 Content","en"
"personalized_messaging_guide.md","Personalized Messaging Guide","","AI 4 UNK","en"
"create_coloring_book_pages.md","Create Coloring Book Pages","Creative Arts","AI 4 Kreativität","en"
"podcast_development_guide.md","Podcast Development Guide","","AI 4 UNK","en"
"plan_perfect_honeymoon.md","Plan Perfect Honeymoon","Entrepreneurs","AI 4 Entrepreneurship","en"
"analyze_text_for_thesis.md","Analyze Text For Thesis","Analyze Text","AI 4 Textanalyse","en"
"Sales Workflow Guide.md","Sales Workflow Guide","Entrepreneurs","AI 4 Entrepreneurship","en"
"analyze_instagram_profile.md","Analyze Instagram Profile","Analyze Text","AI 4 Textanalyse","en"
"create_training_materials.md","Create Training Materials","","AI 4 UNK","en"
"optimize_linkedin_presence.md","Optimize Linkedin Presence","Job Search","AI 4 Karriere","en"
"strategic_plan_for_ngo.md","Strategic Plan For Ngo","Entrepreneurs","AI 4 Entrepreneurship","en"
"dream_life_visioning.md","Dream Life Visioning","","AI 4 UNK","en"
"building_trust_with_wary_dogs.md","Building Trust With Wary Dogs","","AI 4 UNK","en"
"Stock And Options Trading Guide.md","Stock And Options Trading Guide","","AI 4 UNK","en"
"extract_extraordinary_claims.md","IDENTITY","Analyze Text","AI 4 Textanalyse","en"
"Create Lead Magnet.md","Create Lead Magnet","","AI 4 UNK","en"
"government_rfp_response.md","Government Rfp Response","","AI 4 UNK","en"
"control_assessment_and_improvement.md","Control Assessment And Improvement","","AI 4 UNK","en"
"kaleab_overview.md","Kaleab Overview","","AI 4 UNK","en"
"affiliate_marketing_guide.md","Affiliate Marketing Guide","Content Creation","AI 4 Content","en"
"interview_strategies.md","Interview Strategies","Job Search","AI 4 Karriere","en"
"analyze_textbook_summary.md","Analyze Textbook Summary","Analyze Text","AI 4 Textanalyse","en"
"create_scientific_article_guide.md","Create Scientific Article Guide","Creative Arts","AI 4 Kreativität","en"
"legal_and_creative_writing_tasks.md","Legal And Creative Writing Tasks","Content Creation","AI 4 Content","en"
"achieving_banking_goals.md","Achieving Banking Goals","","AI 4 UNK","en"
"analyze_peter_the_great.md","Analyze Peter The Great","Analyze Text","AI 4 Textanalyse","en"
"area_manager_plan.md","Area Manager Plan","Entrepreneurs","AI 4 Entrepreneurship","en"
"create_knowledge_base_for_project_management.md","Create Knowledge Base For Project Management","","AI 4 UNK","en"
"identify_low_competition_niches.md","Identify Low Competition Niches","","AI 4 UNK","en"
"credit_card_management.md","Credit Card Management","","AI 4 UNK","en"
"voice_notes_overview.md","Voice Notes Overview","","AI 4 UNK","en"
"explain_docs.md","IDENTITY and PURPOSE","","AI 4 UNK","en"
"whole_foods_and_cellular_health.md","Whole Foods And Cellular Health","","AI 4 UNK","en"
"find_grants_guide.md","Find Grants Guide","","AI 4 UNK","en"
"business_opportunities_in_botswana.md","Business Opportunities In Botswana","Entrepreneurs","AI 4 Entrepreneurship","en"
"digital_marketing_framework.md","Digital Marketing Framework","Content Creation","AI 4 Content","en"
"podcast_content_creation.md","Podcast Content Creation","Content Creation","AI 4 Content","en"
"create_professional_portfolio_guide.md","Create Professional Portfolio Guide","","AI 4 UNK","en"
"create_timetable_for_training.md","Create Timetable For Training","","AI 4 UNK","en"
"project_closure_guide.md","Project Closure Guide","","AI 4 UNK","en"
"luxury_kitchen_description.md","Luxury Kitchen Description","Content Creation","AI 4 Content","en"
"non_profit_organization_guide.md","Non Profit Organization Guide","","AI 4 UNK","en"
"online_education_guide.md","Online Education Guide","Students & School","AI 4 Schule","en"
"ask_for_help_guide.md","Ask For Help Guide","","AI 4 UNK","en"
"analyze_text_behavior_patterns.md","Analyze Text Behavior Patterns","Analyze Text","AI 4 Textanalyse","en"
"transform_resume_for_interviews.md","Transform Resume For Interviews","Job Search","AI 4 Karriere","en"
"Scholarship Personal Statement.md","Scholarship Personal Statement","","AI 4 UNK","en"
"ai_in_manufacturing_research_brief.md","Ai In Manufacturing Research Brief","","AI 4 UNK","en"
"extract_insights.md","IDENTITY and PURPOSE","Analyze Text","AI 4 Textanalyse","en"
"human_resource_management_project_guide.md","Human Resource Management Project Guide","","AI 4 UNK","en"
"humanize_text.md","Humanize Text","","AI 4 UNK","en"
"finding_grants_for_outdoor_businesses.md","Finding Grants For Outdoor Businesses","Entrepreneurs","AI 4 Entrepreneurship","en"
"extract_videoid.md","IDENTITY and PURPOSE","Analyze Text","AI 4 Textanalyse","en"
"transcribe_youtube_video.md","Transcribe Youtube Video","Content Creation","AI 4 Content","en"
"chart_and_schedule_assistant.md","Chart And Schedule Assistant","Creative Arts","AI 4 Kreativität","en"
"rewrite_in_tarantino_style.md","Rewrite In Tarantino Style","Content Creation","AI 4 Content","en"
"how_ai_enhances_salon_marketing.md","How Ai Enhances Salon Marketing","Content Creation","AI 4 Content","en"
"independent_channel_partner_proposal.md","Independent Channel Partner Proposal","Creative Arts","AI 4 Kreativität","en"
"luxury_bathroom_description.md","Luxury Bathroom Description","Content Creation","AI 4 Content","en"
"create_wellness_blog_plan.md","Create Wellness Blog Plan","Content Creation","AI 4 Content","en"
"client_management_strategy.md","Client Management Strategy","Entrepreneurs","AI 4 Entrepreneurship","en"
"tax_preparation_guide.md","Tax Preparation Guide","","AI 4 UNK","en"
"rewrite_article.md","Rewrite Article","Content Creation","AI 4 Content","en"
"analyze_resume_vs_role.md","Analyze Resume Vs Role","Analyze Text","AI 4 Textanalyse","en"
"productivity_plan.md","Productivity Plan","Entrepreneurs","AI 4 Entrepreneurship","en"
"personalized_meal_plan.md","Personalized Meal Plan","Entrepreneurs","AI 4 Entrepreneurship","en"
"understanding_pas_guide.md","Understanding Pas Guide","","AI 4 UNK","en"
"digital_marketing_overview.md","Digital Marketing Overview","Content Creation","AI 4 Content","en"
"annual_training_strategy_plan.md","Annual Training Strategy Plan","Entrepreneurs","AI 4 Entrepreneurship","en"
"extract_ideas.md","IDENTITY and PURPOSE","Analyze Text","AI 4 Textanalyse","en"
"create_engaging_content_for_kids.md","Create Engaging Content For Kids","Content Creation","AI 4 Content","en"
"sponsorship_request_letter.md","Sponsorship Request Letter","","AI 4 UNK","en"
"analyze_presentation_feedback.md","Analyze Presentation Feedback","Analyze Text","AI 4 Textanalyse","en"
"create_unique_video_topics.md","Create Unique Video Topics","Content Creation","AI 4 Content","en"
"flower_information_pages.md","Flower Information Pages","","AI 4 UNK","en"
"franks_ultimate_brain_guide.md","Franks Ultimate Brain Guide","","AI 4 UNK","en"
"create_social_media_content.md","Create Social Media Content","Content Creation","AI 4 Content","en"
"gather_task_details.md","IDENTITY and PURPOSE","","AI 4 UNK","en"
"transforming_ai_text.md","Transforming Ai Text","","AI 4 UNK","en"
"statistical_modeling_guide.md","Statistical Modeling Guide","","AI 4 UNK","en"
"homeschooling_special_needs_guide.md","Homeschooling Special Needs Guide","Students & School","AI 4 Schule","en"
"interview_entrepreneurs_roadmap.md","Interview Entrepreneurs Roadmap","Entrepreneurs","AI 4 Entrepreneurship","en"
"passive_income_ai_strategies.md","Passive Income Ai Strategies","","AI 4 UNK","en"
"recommend_artists.md","IDENTITY","Creative Arts","AI 4 Kreativität","en"
"analyze_okay_meaning.md","Analyze Okay Meaning","Analyze Text","AI 4 Textanalyse","en"
"consolidate_educational_materials.md","Consolidate Educational Materials","Students & School","AI 4 Schule","en"
"extract_main_idea.md","IDENTITY and PURPOSE","Analyze Text","AI 4 Textanalyse","en"
"media_monitoring_system.md","Media Monitoring System","","AI 4 UNK","en"
"copywriting_guidance_tool.md","Copywriting Guidance Tool","Content Creation","AI 4 Content","en"
"draft_case_against_university_non_graduation.md","Draft Case Against University Non Graduation","","AI 4 UNK","en"
"optimize_content_for_seo.md","Optimize Content For Seo","Content Creation","AI 4 Content","en"
"create_tiktok_growth_strategy.md","Create Tiktok Growth Strategy","Entrepreneurs","AI 4 Entrepreneurship","en"
"create_infographic_content.md","Create Infographic Content","Content Creation","AI 4 Content","en"
"summarize.md","Summarize","Analyze Text","AI 4 Textanalyse","en"
"create_multiple_choice_test.md","Create Multiple Choice Test","","AI 4 UNK","en"
"to_flashcards.md","To Flashcards","","AI 4 UNK","en"
"create_seminar_paper.md","Create Seminar Paper","","AI 4 UNK","en"
"analyze_taking_course.md","Analyze Taking Course","Analyze Text","AI 4 Textanalyse","en"
"improve_report_finding.md","IDENTITY and PURPOSE","","AI 4 UNK","en"
"create_business_improvement_plan.md","Create Business Improvement Plan","Entrepreneurs","AI 4 Entrepreneurship","en"
"extract_poc.md","IDENTITY and PURPOSE","Analyze Text","AI 4 Textanalyse","en"
"create_mermaid_visualization.md","IDENTITY and PURPOSE","Visualizations","AI 4 Visuals","en"
"summarize_lecture.md","IDENTITY and PURPOSE","Analyze Text","AI 4 Textanalyse","en"
"ExecutiveAssistantEfficiencyGuide.md","Executiveassistantefficiencyguide","","AI 4 UNK","en"
"pinterest_marketing_guide.md","Pinterest Marketing Guide","Content Creation","AI 4 Content","en"
"guide_for_healing_after_infidelity.md","Guide For Healing After Infidelity","","AI 4 UNK","en"
"Dream Life Prompt.md","Dream Life Prompt","Prompt Management","AI 4 PromptOps","en"
"create_phd_research_proposal.md","Create Phd Research Proposal","","AI 4 UNK","en"
"fantasy_football_guide.md","Fantasy Football Guide","","AI 4 UNK","en"
"real_estate_interest_rate_update.md","Real Estate Interest Rate Update","Real Estate","AI 4 Real Estate","en"
"create_instagram_bio.md","Create Instagram Bio","","AI 4 UNK","en"
"implementing_notebooklm_proposal.md","Implementing Notebooklm Proposal","","AI 4 UNK","en"
"de/_template_prompt.md","Titel des Prompts","Prompt Management","AI 4 PromptOps","de"
